"","genero","idade","raca_cor","n"
"1","Fem",0,"Parda",1
"2","Fem",1,"Parda",2272
"3","Fem",1,"Branca",1861
"4","Fem",1,"Ignorado",195
"5","Fem",1,"Preta",210
"6","Fem",1,"Indígena",42
"7","Fem",1,"Amarela",23
"8","Fem",2,"Parda",2293
"9","Fem",2,"Branca",1822
"10","Fem",2,"Ignorado",222
"11","Fem",2,"Preta",253
"12","Fem",2,"Indígena",31
"13","Fem",2,"Amarela",16
"14","Fem",3,"Parda",2224
"15","Fem",3,"Branca",1928
"16","Fem",3,"Ignorado",231
"17","Fem",3,"Preta",244
"18","Fem",3,"Indígena",35
"19","Fem",3,"Amarela",24
"20","Fem",4,"Parda",2093
"21","Fem",4,"Branca",1791
"22","Fem",4,"Ignorado",225
"23","Fem",4,"Preta",284
"24","Fem",4,"Indígena",41
"25","Fem",4,"Amarela",17
"26","Fem",5,"Parda",1687
"27","Fem",5,"Branca",1408
"28","Fem",5,"Ignorado",186
"29","Fem",5,"Preta",240
"30","Fem",5,"Indígena",41
"31","Fem",5,"Amarela",22
"32","Fem",6,"Parda",1554
"33","Fem",6,"Branca",1259
"34","Fem",6,"Ignorado",169
"35","Fem",6,"Preta",197
"36","Fem",6,"Indígena",36
"37","Fem",6,"Amarela",19
"38","Fem",7,"Parda",1347
"39","Fem",7,"Branca",1156
"40","Fem",7,"Ignorado",135
"41","Fem",7,"Preta",183
"42","Fem",7,"Indígena",24
"43","Fem",7,"Amarela",9
"44","Fem",8,"Parda",1472
"45","Fem",8,"Branca",1149
"46","Fem",8,"Ignorado",173
"47","Fem",8,"Preta",263
"48","Fem",8,"Indígena",48
"49","Fem",8,"Amarela",7
"50","Fem",9,"Parda",1580
"51","Fem",9,"Branca",1210
"52","Fem",9,"Ignorado",138
"53","Fem",9,"Preta",208
"54","Fem",9,"Indígena",43
"55","Fem",9,"Amarela",24
"56","Fem",10,"Parda",1618
"57","Fem",10,"Branca",1334
"58","Fem",10,"Ignorado",161
"59","Fem",10,"Preta",259
"60","Fem",10,"Indígena",68
"61","Fem",10,"Amarela",17
"62","Fem",11,"Parda",2235
"63","Fem",11,"Branca",1805
"64","Fem",11,"Ignorado",223
"65","Fem",11,"Preta",400
"66","Fem",11,"Indígena",48
"67","Fem",11,"Amarela",41
"68","Fem",12,"Parda",3947
"69","Fem",12,"Branca",2950
"70","Fem",12,"Ignorado",321
"71","Fem",12,"Preta",648
"72","Fem",12,"Indígena",115
"73","Fem",12,"Amarela",93
"74","Fem",13,"Parda",5561
"75","Fem",13,"Branca",4221
"76","Fem",13,"Ignorado",426
"77","Fem",13,"Preta",867
"78","Fem",13,"Indígena",138
"79","Fem",13,"Amarela",114
"80","Fem",14,"Parda",5575
"81","Fem",14,"Branca",4230
"82","Fem",14,"Ignorado",475
"83","Fem",14,"Preta",864
"84","Fem",14,"Indígena",137
"85","Fem",14,"Amarela",137
"86","Fem",15,"Parda",5024
"87","Fem",15,"Branca",4148
"88","Fem",15,"Ignorado",400
"89","Fem",15,"Preta",821
"90","Fem",15,"Indígena",94
"91","Fem",15,"Amarela",107
"92","Fem",16,"Parda",5061
"93","Fem",16,"Branca",3959
"94","Fem",16,"Ignorado",481
"95","Fem",16,"Preta",835
"96","Fem",16,"Indígena",118
"97","Fem",16,"Amarela",107
"98","Fem",17,"Parda",4669
"99","Fem",17,"Branca",3767
"100","Fem",17,"Ignorado",439
"101","Fem",17,"Preta",773
"102","Fem",17,"Indígena",89
"103","Fem",17,"Amarela",107
"104","Fem",18,"Parda",4110
"105","Fem",18,"Branca",3299
"106","Fem",18,"Ignorado",378
"107","Fem",18,"Preta",764
"108","Fem",18,"Indígena",92
"109","Fem",18,"Amarela",94
"110","Fem",19,"Parda",4231
"111","Fem",19,"Branca",3479
"112","Fem",19,"Ignorado",369
"113","Fem",19,"Preta",764
"114","Fem",19,"Indígena",95
"115","Fem",19,"Amarela",91
"116","Fem",20,"Parda",4226
"117","Fem",20,"Branca",3446
"118","Fem",20,"Ignorado",368
"119","Fem",20,"Preta",816
"120","Fem",20,"Indígena",107
"121","Fem",20,"Amarela",75
"122","Fem",21,"Parda",4250
"123","Fem",21,"Branca",3441
"124","Fem",21,"Ignorado",372
"125","Fem",21,"Preta",880
"126","Fem",21,"Indígena",106
"127","Fem",21,"Amarela",91
"128","Fem",22,"Parda",4398
"129","Fem",22,"Branca",3414
"130","Fem",22,"Ignorado",403
"131","Fem",22,"Preta",919
"132","Fem",22,"Indígena",92
"133","Fem",22,"Amarela",93
"134","Fem",23,"Parda",4516
"135","Fem",23,"Branca",3626
"136","Fem",23,"Ignorado",428
"137","Fem",23,"Preta",950
"138","Fem",23,"Indígena",90
"139","Fem",23,"Amarela",97
"140","Fem",24,"Parda",4718
"141","Fem",24,"Branca",3658
"142","Fem",24,"Ignorado",379
"143","Fem",24,"Preta",981
"144","Fem",24,"Indígena",79
"145","Fem",24,"Amarela",106
"146","Fem",25,"Parda",4549
"147","Fem",25,"Branca",3409
"148","Fem",25,"Ignorado",391
"149","Fem",25,"Preta",966
"150","Fem",25,"Indígena",89
"151","Fem",25,"Amarela",111
"152","Fem",26,"Parda",4411
"153","Fem",26,"Branca",3429
"154","Fem",26,"Ignorado",420
"155","Fem",26,"Preta",945
"156","Fem",26,"Indígena",111
"157","Fem",26,"Amarela",104
"158","Fem",27,"Parda",4290
"159","Fem",27,"Branca",3300
"160","Fem",27,"Ignorado",403
"161","Fem",27,"Preta",927
"162","Fem",27,"Indígena",65
"163","Fem",27,"Amarela",100
"164","Fem",28,"Parda",4144
"165","Fem",28,"Branca",3273
"166","Fem",28,"Ignorado",387
"167","Fem",28,"Preta",930
"168","Fem",28,"Indígena",71
"169","Fem",28,"Amarela",110
"170","Fem",29,"Parda",4092
"171","Fem",29,"Branca",3165
"172","Fem",29,"Ignorado",351
"173","Fem",29,"Preta",870
"174","Fem",29,"Indígena",67
"175","Fem",29,"Amarela",91
"176","Fem",30,"Parda",3948
"177","Fem",30,"Branca",3045
"178","Fem",30,"Ignorado",393
"179","Fem",30,"Preta",913
"180","Fem",30,"Indígena",66
"181","Fem",30,"Amarela",114
"182","Fem",31,"Parda",3579
"183","Fem",31,"Branca",2783
"184","Fem",31,"Ignorado",340
"185","Fem",31,"Preta",867
"186","Fem",31,"Indígena",64
"187","Fem",31,"Amarela",105
"188","Fem",32,"Parda",3491
"189","Fem",32,"Branca",2719
"190","Fem",32,"Ignorado",314
"191","Fem",32,"Preta",722
"192","Fem",32,"Indígena",59
"193","Fem",32,"Amarela",75
"194","Fem",33,"Parda",3372
"195","Fem",33,"Branca",2623
"196","Fem",33,"Ignorado",273
"197","Fem",33,"Preta",787
"198","Fem",33,"Indígena",55
"199","Fem",33,"Amarela",81
"200","Fem",34,"Parda",3379
"201","Fem",34,"Branca",2669
"202","Fem",34,"Ignorado",326
"203","Fem",34,"Preta",742
"204","Fem",34,"Indígena",71
"205","Fem",34,"Amarela",74
"206","Fem",35,"Parda",3504
"207","Fem",35,"Branca",2667
"208","Fem",35,"Ignorado",287
"209","Fem",35,"Preta",715
"210","Fem",35,"Indígena",53
"211","Fem",35,"Amarela",71
"212","Fem",36,"Parda",3341
"213","Fem",36,"Branca",2515
"214","Fem",36,"Ignorado",269
"215","Fem",36,"Preta",751
"216","Fem",36,"Indígena",56
"217","Fem",36,"Amarela",73
"218","Fem",37,"Parda",3220
"219","Fem",37,"Branca",2446
"220","Fem",37,"Ignorado",254
"221","Fem",37,"Preta",736
"222","Fem",37,"Indígena",42
"223","Fem",37,"Amarela",92
"224","Fem",38,"Parda",3140
"225","Fem",38,"Branca",2523
"226","Fem",38,"Ignorado",312
"227","Fem",38,"Preta",623
"228","Fem",38,"Indígena",30
"229","Fem",38,"Amarela",79
"230","Fem",39,"Parda",2882
"231","Fem",39,"Branca",2407
"232","Fem",39,"Ignorado",253
"233","Fem",39,"Preta",635
"234","Fem",39,"Indígena",42
"235","Fem",39,"Amarela",78
"236","Fem",40,"Parda",2772
"237","Fem",40,"Branca",2371
"238","Fem",40,"Ignorado",246
"239","Fem",40,"Preta",634
"240","Fem",40,"Indígena",35
"241","Fem",40,"Amarela",57
"242","Fem",41,"Parda",2778
"243","Fem",41,"Branca",2414
"244","Fem",41,"Ignorado",277
"245","Fem",41,"Preta",655
"246","Fem",41,"Indígena",45
"247","Fem",41,"Amarela",72
"248","Fem",42,"Parda",2698
"249","Fem",42,"Branca",2486
"250","Fem",42,"Ignorado",218
"251","Fem",42,"Preta",603
"252","Fem",42,"Indígena",32
"253","Fem",42,"Amarela",68
"254","Fem",43,"Parda",2573
"255","Fem",43,"Branca",2179
"256","Fem",43,"Ignorado",247
"257","Fem",43,"Preta",567
"258","Fem",43,"Indígena",25
"259","Fem",43,"Amarela",65
"260","Fem",44,"Parda",2270
"261","Fem",44,"Branca",2066
"262","Fem",44,"Ignorado",238
"263","Fem",44,"Preta",535
"264","Fem",44,"Indígena",36
"265","Fem",44,"Amarela",64
"266","Fem",45,"Parda",2178
"267","Fem",45,"Branca",1849
"268","Fem",45,"Ignorado",217
"269","Fem",45,"Preta",468
"270","Fem",45,"Indígena",26
"271","Fem",45,"Amarela",53
"272","Fem",46,"Parda",1994
"273","Fem",46,"Branca",1782
"274","Fem",46,"Ignorado",203
"275","Fem",46,"Preta",430
"276","Fem",46,"Indígena",34
"277","Fem",46,"Amarela",60
"278","Fem",47,"Parda",1802
"279","Fem",47,"Branca",1674
"280","Fem",47,"Ignorado",160
"281","Fem",47,"Preta",360
"282","Fem",47,"Indígena",21
"283","Fem",47,"Amarela",54
"284","Fem",48,"Parda",1693
"285","Fem",48,"Branca",1527
"286","Fem",48,"Ignorado",159
"287","Fem",48,"Preta",425
"288","Fem",48,"Indígena",22
"289","Fem",48,"Amarela",40
"290","Fem",49,"Parda",1485
"291","Fem",49,"Branca",1392
"292","Fem",49,"Ignorado",155
"293","Fem",49,"Preta",331
"294","Fem",49,"Indígena",22
"295","Fem",49,"Amarela",43
"296","Fem",50,"Parda",1357
"297","Fem",50,"Branca",1270
"298","Fem",50,"Ignorado",155
"299","Fem",50,"Preta",286
"300","Fem",50,"Indígena",23
"301","Fem",50,"Amarela",33
"302","Fem",51,"Parda",1268
"303","Fem",51,"Branca",1156
"304","Fem",51,"Ignorado",113
"305","Fem",51,"Preta",259
"306","Fem",51,"Indígena",13
"307","Fem",51,"Amarela",34
"308","Fem",52,"Parda",1137
"309","Fem",52,"Branca",1107
"310","Fem",52,"Ignorado",100
"311","Fem",52,"Preta",228
"312","Fem",52,"Indígena",18
"313","Fem",52,"Amarela",15
"314","Fem",53,"Parda",946
"315","Fem",53,"Branca",994
"316","Fem",53,"Ignorado",91
"317","Fem",53,"Preta",242
"318","Fem",53,"Indígena",9
"319","Fem",53,"Amarela",19
"320","Fem",54,"Parda",920
"321","Fem",54,"Branca",945
"322","Fem",54,"Ignorado",92
"323","Fem",54,"Preta",182
"324","Fem",54,"Indígena",8
"325","Fem",54,"Amarela",30
"326","Fem",55,"Parda",835
"327","Fem",55,"Branca",849
"328","Fem",55,"Ignorado",81
"329","Fem",55,"Preta",162
"330","Fem",55,"Indígena",9
"331","Fem",55,"Amarela",12
"332","Fem",56,"Parda",686
"333","Fem",56,"Branca",845
"334","Fem",56,"Ignorado",86
"335","Fem",56,"Preta",163
"336","Fem",56,"Indígena",6
"337","Fem",56,"Amarela",17
"338","Fem",57,"Parda",646
"339","Fem",57,"Branca",745
"340","Fem",57,"Ignorado",73
"341","Fem",57,"Preta",152
"342","Fem",57,"Indígena",8
"343","Fem",57,"Amarela",18
"344","Fem",58,"Parda",625
"345","Fem",58,"Branca",722
"346","Fem",58,"Ignorado",71
"347","Fem",58,"Preta",119
"348","Fem",58,"Indígena",5
"349","Fem",58,"Amarela",14
"350","Fem",59,"Parda",521
"351","Fem",59,"Branca",657
"352","Fem",59,"Ignorado",61
"353","Fem",59,"Preta",137
"354","Fem",59,"Indígena",4
"355","Fem",59,"Amarela",13
"356","Fem",60,"Parda",652
"357","Fem",60,"Branca",684
"358","Fem",60,"Ignorado",55
"359","Fem",60,"Preta",162
"360","Fem",60,"Indígena",6
"361","Fem",60,"Amarela",13
"362","Fem",61,"Parda",571
"363","Fem",61,"Branca",588
"364","Fem",61,"Ignorado",54
"365","Fem",61,"Preta",128
"366","Fem",61,"Indígena",10
"367","Fem",61,"Amarela",19
"368","Fem",62,"Parda",508
"369","Fem",62,"Branca",489
"370","Fem",62,"Ignorado",40
"371","Fem",62,"Preta",104
"372","Fem",62,"Indígena",7
"373","Fem",62,"Amarela",4
"374","Fem",63,"Parda",506
"375","Fem",63,"Branca",467
"376","Fem",63,"Ignorado",22
"377","Fem",63,"Preta",91
"378","Fem",63,"Indígena",4
"379","Fem",63,"Amarela",13
"380","Fem",64,"Parda",462
"381","Fem",64,"Branca",484
"382","Fem",64,"Ignorado",56
"383","Fem",64,"Preta",80
"384","Fem",64,"Indígena",7
"385","Fem",64,"Amarela",6
"386","Fem",65,"Parda",421
"387","Fem",65,"Branca",439
"388","Fem",65,"Ignorado",32
"389","Fem",65,"Preta",91
"390","Fem",65,"Indígena",7
"391","Fem",65,"Amarela",10
"392","Fem",66,"Parda",420
"393","Fem",66,"Branca",449
"394","Fem",66,"Ignorado",32
"395","Fem",66,"Preta",91
"396","Fem",66,"Indígena",3
"397","Fem",66,"Amarela",7
"398","Fem",67,"Parda",397
"399","Fem",67,"Branca",438
"400","Fem",67,"Ignorado",30
"401","Fem",67,"Preta",100
"402","Fem",67,"Indígena",4
"403","Fem",67,"Amarela",10
"404","Fem",68,"Parda",403
"405","Fem",68,"Branca",398
"406","Fem",68,"Ignorado",36
"407","Fem",68,"Preta",64
"408","Fem",68,"Indígena",5
"409","Fem",68,"Amarela",9
"410","Fem",69,"Parda",352
"411","Fem",69,"Branca",390
"412","Fem",69,"Ignorado",29
"413","Fem",69,"Preta",64
"414","Fem",69,"Indígena",5
"415","Fem",69,"Amarela",7
"416","Fem",70,"Parda",354
"417","Fem",70,"Branca",400
"418","Fem",70,"Ignorado",36
"419","Fem",70,"Preta",68
"420","Fem",70,"Indígena",5
"421","Fem",70,"Amarela",15
"422","Fem",71,"Parda",293
"423","Fem",71,"Branca",334
"424","Fem",71,"Ignorado",18
"425","Fem",71,"Preta",67
"426","Fem",71,"Indígena",3
"427","Fem",71,"Amarela",5
"428","Fem",72,"Parda",355
"429","Fem",72,"Branca",367
"430","Fem",72,"Ignorado",28
"431","Fem",72,"Preta",61
"432","Fem",72,"Indígena",4
"433","Fem",72,"Amarela",7
"434","Fem",73,"Parda",317
"435","Fem",73,"Branca",332
"436","Fem",73,"Ignorado",19
"437","Fem",73,"Preta",49
"438","Fem",73,"Indígena",4
"439","Fem",73,"Amarela",2
"440","Fem",74,"Parda",309
"441","Fem",74,"Branca",319
"442","Fem",74,"Ignorado",26
"443","Fem",74,"Preta",73
"444","Fem",74,"Indígena",1
"445","Fem",74,"Amarela",7
"446","Fem",75,"Parda",285
"447","Fem",75,"Branca",252
"448","Fem",75,"Ignorado",15
"449","Fem",75,"Preta",44
"450","Fem",75,"Indígena",2
"451","Fem",75,"Amarela",11
"452","Fem",76,"Parda",270
"453","Fem",76,"Branca",307
"454","Fem",76,"Ignorado",29
"455","Fem",76,"Preta",55
"456","Fem",76,"Indígena",2
"457","Fem",76,"Amarela",7
"458","Fem",77,"Parda",279
"459","Fem",77,"Branca",288
"460","Fem",77,"Ignorado",18
"461","Fem",77,"Preta",46
"462","Fem",77,"Indígena",5
"463","Fem",77,"Amarela",7
"464","Fem",78,"Parda",217
"465","Fem",78,"Branca",265
"466","Fem",78,"Ignorado",21
"467","Fem",78,"Preta",41
"468","Fem",78,"Indígena",3
"469","Fem",78,"Amarela",9
"470","Fem",79,"Parda",226
"471","Fem",79,"Branca",231
"472","Fem",79,"Ignorado",22
"473","Fem",79,"Preta",47
"474","Fem",79,"Indígena",2
"475","Fem",79,"Amarela",6
"476","Fem",80,"Parda",240
"477","Fem",80,"Branca",238
"478","Fem",80,"Ignorado",20
"479","Fem",80,"Preta",41
"480","Fem",80,"Indígena",2
"481","Fem",80,"Amarela",4
"482","Fem",81,"Parda",224
"483","Fem",81,"Branca",197
"484","Fem",81,"Ignorado",13
"485","Fem",81,"Preta",39
"486","Fem",81,"Indígena",3
"487","Fem",81,"Amarela",8
"488","Fem",82,"Parda",206
"489","Fem",82,"Branca",183
"490","Fem",82,"Ignorado",16
"491","Fem",82,"Preta",25
"492","Fem",82,"Amarela",5
"493","Fem",83,"Parda",184
"494","Fem",83,"Branca",175
"495","Fem",83,"Ignorado",10
"496","Fem",83,"Preta",31
"497","Fem",83,"Indígena",6
"498","Fem",83,"Amarela",2
"499","Fem",84,"Parda",211
"500","Fem",84,"Branca",163
"501","Fem",84,"Ignorado",13
"502","Fem",84,"Preta",31
"503","Fem",84,"Indígena",5
"504","Fem",84,"Amarela",3
"505","Fem",85,"Parda",178
"506","Fem",85,"Branca",155
"507","Fem",85,"Ignorado",14
"508","Fem",85,"Preta",25
"509","Fem",85,"Indígena",2
"510","Fem",85,"Amarela",1
"511","Fem",86,"Parda",159
"512","Fem",86,"Branca",114
"513","Fem",86,"Ignorado",9
"514","Fem",86,"Preta",21
"515","Fem",86,"Amarela",4
"516","Fem",87,"Parda",135
"517","Fem",87,"Branca",118
"518","Fem",87,"Ignorado",6
"519","Fem",87,"Preta",18
"520","Fem",87,"Indígena",1
"521","Fem",87,"Amarela",2
"522","Fem",88,"Parda",125
"523","Fem",88,"Branca",115
"524","Fem",88,"Ignorado",8
"525","Fem",88,"Preta",12
"526","Fem",88,"Indígena",2
"527","Fem",88,"Amarela",4
"528","Fem",89,"Parda",103
"529","Fem",89,"Branca",115
"530","Fem",89,"Ignorado",3
"531","Fem",89,"Preta",20
"532","Fem",89,"Indígena",2
"533","Fem",89,"Amarela",1
"534","Fem",90,"Parda",74
"535","Fem",90,"Branca",83
"536","Fem",90,"Ignorado",4
"537","Fem",90,"Preta",8
"538","Fem",90,"Amarela",2
"539","Fem",91,"Parda",75
"540","Fem",91,"Branca",60
"541","Fem",91,"Ignorado",7
"542","Fem",91,"Preta",10
"543","Fem",91,"Amarela",2
"544","Fem",92,"Parda",68
"545","Fem",92,"Branca",66
"546","Fem",92,"Ignorado",4
"547","Fem",92,"Preta",8
"548","Fem",93,"Parda",53
"549","Fem",93,"Branca",60
"550","Fem",93,"Ignorado",2
"551","Fem",93,"Preta",9
"552","Fem",93,"Indígena",1
"553","Fem",94,"Parda",49
"554","Fem",94,"Branca",50
"555","Fem",94,"Ignorado",3
"556","Fem",94,"Preta",5
"557","Fem",95,"Parda",36
"558","Fem",95,"Branca",38
"559","Fem",95,"Ignorado",2
"560","Fem",95,"Preta",4
"561","Fem",95,"Amarela",2
"562","Fem",96,"Parda",20
"563","Fem",96,"Branca",17
"564","Fem",96,"Ignorado",3
"565","Fem",96,"Preta",2
"566","Fem",97,"Parda",16
"567","Fem",97,"Branca",15
"568","Fem",97,"Indígena",3
"569","Fem",97,"Amarela",2
"570","Fem",98,"Parda",8
"571","Fem",98,"Branca",13
"572","Fem",98,"Ignorado",2
"573","Fem",98,"Preta",4
"574","Fem",98,"Indígena",1
"575","Fem",99,"Parda",8
"576","Fem",99,"Branca",12
"577","Fem",99,"Indígena",1
"578","Fem",100,"Parda",4
"579","Fem",100,"Branca",7
"580","Fem",100,"Preta",1
"581","Masc",0,"Parda",1
"582","Masc",0,"Ignorado",1
"583","Masc",1,"Parda",2229
"584","Masc",1,"Branca",1724
"585","Masc",1,"Ignorado",177
"586","Masc",1,"Preta",220
"587","Masc",1,"Indígena",27
"588","Masc",1,"Amarela",14
"589","Masc",2,"Parda",1989
"590","Masc",2,"Branca",1273
"591","Masc",2,"Ignorado",154
"592","Masc",2,"Preta",207
"593","Masc",2,"Indígena",27
"594","Masc",2,"Amarela",13
"595","Masc",3,"Parda",1829
"596","Masc",3,"Branca",1248
"597","Masc",3,"Ignorado",171
"598","Masc",3,"Preta",177
"599","Masc",3,"Indígena",19
"600","Masc",3,"Amarela",21
"601","Masc",4,"Parda",1603
"602","Masc",4,"Branca",1250
"603","Masc",4,"Ignorado",204
"604","Masc",4,"Preta",204
"605","Masc",4,"Indígena",10
"606","Masc",4,"Amarela",12
"607","Masc",5,"Parda",1409
"608","Masc",5,"Branca",1144
"609","Masc",5,"Ignorado",156
"610","Masc",5,"Preta",197
"611","Masc",5,"Indígena",11
"612","Masc",5,"Amarela",7
"613","Masc",6,"Parda",1359
"614","Masc",6,"Branca",1060
"615","Masc",6,"Ignorado",153
"616","Masc",6,"Preta",172
"617","Masc",6,"Indígena",15
"618","Masc",6,"Amarela",12
"619","Masc",7,"Parda",1271
"620","Masc",7,"Branca",1018
"621","Masc",7,"Ignorado",149
"622","Masc",7,"Preta",188
"623","Masc",7,"Indígena",8
"624","Masc",7,"Amarela",8
"625","Masc",8,"Parda",1217
"626","Masc",8,"Branca",992
"627","Masc",8,"Ignorado",132
"628","Masc",8,"Preta",197
"629","Masc",8,"Indígena",13
"630","Masc",8,"Amarela",9
"631","Masc",9,"Parda",1225
"632","Masc",9,"Branca",954
"633","Masc",9,"Ignorado",118
"634","Masc",9,"Preta",166
"635","Masc",9,"Indígena",12
"636","Masc",9,"Amarela",9
"637","Masc",10,"Parda",1263
"638","Masc",10,"Branca",917
"639","Masc",10,"Ignorado",138
"640","Masc",10,"Preta",190
"641","Masc",10,"Indígena",16
"642","Masc",10,"Amarela",17
"643","Masc",11,"Parda",1278
"644","Masc",11,"Branca",999
"645","Masc",11,"Ignorado",152
"646","Masc",11,"Preta",221
"647","Masc",11,"Indígena",15
"648","Masc",11,"Amarela",31
"649","Masc",12,"Parda",1298
"650","Masc",12,"Branca",949
"651","Masc",12,"Ignorado",145
"652","Masc",12,"Preta",233
"653","Masc",12,"Indígena",25
"654","Masc",12,"Amarela",25
"655","Masc",13,"Parda",1460
"656","Masc",13,"Branca",1077
"657","Masc",13,"Ignorado",130
"658","Masc",13,"Preta",223
"659","Masc",13,"Indígena",24
"660","Masc",13,"Amarela",27
"661","Masc",14,"Parda",1665
"662","Masc",14,"Branca",1246
"663","Masc",14,"Ignorado",159
"664","Masc",14,"Preta",322
"665","Masc",14,"Indígena",35
"666","Masc",14,"Amarela",30
"667","Masc",15,"Parda",1980
"668","Masc",15,"Branca",1399
"669","Masc",15,"Ignorado",184
"670","Masc",15,"Preta",363
"671","Masc",15,"Indígena",42
"672","Masc",15,"Amarela",38
"673","Masc",16,"Parda",2347
"674","Masc",16,"Branca",1511
"675","Masc",16,"Ignorado",252
"676","Masc",16,"Preta",415
"677","Masc",16,"Indígena",65
"678","Masc",16,"Amarela",56
"679","Masc",17,"Parda",2633
"680","Masc",17,"Branca",1640
"681","Masc",17,"Ignorado",260
"682","Masc",17,"Preta",510
"683","Masc",17,"Indígena",52
"684","Masc",17,"Amarela",42
"685","Masc",18,"Parda",1766
"686","Masc",18,"Branca",1056
"687","Masc",18,"Ignorado",189
"688","Masc",18,"Preta",292
"689","Masc",18,"Indígena",62
"690","Masc",18,"Amarela",29
"691","Masc",19,"Parda",1804
"692","Masc",19,"Branca",1175
"693","Masc",19,"Ignorado",163
"694","Masc",19,"Preta",326
"695","Masc",19,"Indígena",72
"696","Masc",19,"Amarela",30
"697","Masc",20,"Parda",1595
"698","Masc",20,"Branca",1109
"699","Masc",20,"Ignorado",146
"700","Masc",20,"Preta",301
"701","Masc",20,"Indígena",59
"702","Masc",20,"Amarela",37
"703","Masc",21,"Parda",1587
"704","Masc",21,"Branca",1111
"705","Masc",21,"Ignorado",169
"706","Masc",21,"Preta",288
"707","Masc",21,"Indígena",56
"708","Masc",21,"Amarela",34
"709","Masc",22,"Parda",1689
"710","Masc",22,"Branca",1185
"711","Masc",22,"Ignorado",166
"712","Masc",22,"Preta",320
"713","Masc",22,"Indígena",68
"714","Masc",22,"Amarela",36
"715","Masc",23,"Parda",1722
"716","Masc",23,"Branca",1269
"717","Masc",23,"Ignorado",166
"718","Masc",23,"Preta",330
"719","Masc",23,"Indígena",61
"720","Masc",23,"Amarela",40
"721","Masc",24,"Parda",1773
"722","Masc",24,"Branca",1220
"723","Masc",24,"Ignorado",159
"724","Masc",24,"Preta",355
"725","Masc",24,"Indígena",71
"726","Masc",24,"Amarela",48
"727","Masc",25,"Parda",1718
"728","Masc",25,"Branca",1106
"729","Masc",25,"Ignorado",162
"730","Masc",25,"Preta",309
"731","Masc",25,"Indígena",59
"732","Masc",25,"Amarela",39
"733","Masc",26,"Parda",1654
"734","Masc",26,"Branca",1173
"735","Masc",26,"Ignorado",152
"736","Masc",26,"Preta",346
"737","Masc",26,"Indígena",56
"738","Masc",26,"Amarela",41
"739","Masc",27,"Parda",1611
"740","Masc",27,"Branca",1146
"741","Masc",27,"Ignorado",167
"742","Masc",27,"Preta",306
"743","Masc",27,"Indígena",54
"744","Masc",27,"Amarela",38
"745","Masc",28,"Parda",1651
"746","Masc",28,"Branca",1093
"747","Masc",28,"Ignorado",160
"748","Masc",28,"Preta",283
"749","Masc",28,"Indígena",49
"750","Masc",28,"Amarela",39
"751","Masc",29,"Parda",1610
"752","Masc",29,"Branca",1009
"753","Masc",29,"Ignorado",151
"754","Masc",29,"Preta",345
"755","Masc",29,"Indígena",30
"756","Masc",29,"Amarela",43
"757","Masc",30,"Parda",1427
"758","Masc",30,"Branca",1029
"759","Masc",30,"Ignorado",144
"760","Masc",30,"Preta",295
"761","Masc",30,"Indígena",39
"762","Masc",30,"Amarela",38
"763","Masc",31,"Parda",1420
"764","Masc",31,"Branca",984
"765","Masc",31,"Ignorado",129
"766","Masc",31,"Preta",287
"767","Masc",31,"Indígena",40
"768","Masc",31,"Amarela",33
"769","Masc",32,"Parda",1359
"770","Masc",32,"Branca",929
"771","Masc",32,"Ignorado",126
"772","Masc",32,"Preta",275
"773","Masc",32,"Indígena",33
"774","Masc",32,"Amarela",40
"775","Masc",33,"Parda",1268
"776","Masc",33,"Branca",919
"777","Masc",33,"Ignorado",136
"778","Masc",33,"Preta",254
"779","Masc",33,"Indígena",35
"780","Masc",33,"Amarela",44
"781","Masc",34,"Parda",1291
"782","Masc",34,"Branca",880
"783","Masc",34,"Ignorado",126
"784","Masc",34,"Preta",237
"785","Masc",34,"Indígena",43
"786","Masc",34,"Amarela",27
"787","Masc",35,"Parda",1277
"788","Masc",35,"Branca",909
"789","Masc",35,"Ignorado",137
"790","Masc",35,"Preta",270
"791","Masc",35,"Indígena",38
"792","Masc",35,"Amarela",39
"793","Masc",36,"Parda",1230
"794","Masc",36,"Branca",856
"795","Masc",36,"Ignorado",124
"796","Masc",36,"Preta",228
"797","Masc",36,"Indígena",32
"798","Masc",36,"Amarela",32
"799","Masc",37,"Parda",1156
"800","Masc",37,"Branca",775
"801","Masc",37,"Ignorado",97
"802","Masc",37,"Preta",223
"803","Masc",37,"Indígena",36
"804","Masc",37,"Amarela",26
"805","Masc",38,"Parda",1184
"806","Masc",38,"Branca",751
"807","Masc",38,"Ignorado",113
"808","Masc",38,"Preta",247
"809","Masc",38,"Indígena",35
"810","Masc",38,"Amarela",31
"811","Masc",39,"Parda",1045
"812","Masc",39,"Branca",768
"813","Masc",39,"Ignorado",111
"814","Masc",39,"Preta",233
"815","Masc",39,"Indígena",24
"816","Masc",39,"Amarela",14
"817","Masc",40,"Parda",1100
"818","Masc",40,"Branca",689
"819","Masc",40,"Ignorado",108
"820","Masc",40,"Preta",199
"821","Masc",40,"Indígena",27
"822","Masc",40,"Amarela",19
"823","Masc",41,"Parda",1065
"824","Masc",41,"Branca",729
"825","Masc",41,"Ignorado",89
"826","Masc",41,"Preta",198
"827","Masc",41,"Indígena",29
"828","Masc",41,"Amarela",25
"829","Masc",42,"Parda",980
"830","Masc",42,"Branca",665
"831","Masc",42,"Ignorado",102
"832","Masc",42,"Preta",222
"833","Masc",42,"Indígena",21
"834","Masc",42,"Amarela",22
"835","Masc",43,"Parda",881
"836","Masc",43,"Branca",649
"837","Masc",43,"Ignorado",91
"838","Masc",43,"Preta",194
"839","Masc",43,"Indígena",22
"840","Masc",43,"Amarela",22
"841","Masc",44,"Parda",838
"842","Masc",44,"Branca",651
"843","Masc",44,"Ignorado",91
"844","Masc",44,"Preta",200
"845","Masc",44,"Indígena",15
"846","Masc",44,"Amarela",20
"847","Masc",45,"Parda",843
"848","Masc",45,"Branca",575
"849","Masc",45,"Ignorado",90
"850","Masc",45,"Preta",175
"851","Masc",45,"Indígena",22
"852","Masc",45,"Amarela",16
"853","Masc",46,"Parda",764
"854","Masc",46,"Branca",536
"855","Masc",46,"Ignorado",77
"856","Masc",46,"Preta",150
"857","Masc",46,"Indígena",12
"858","Masc",46,"Amarela",16
"859","Masc",47,"Parda",669
"860","Masc",47,"Branca",511
"861","Masc",47,"Ignorado",83
"862","Masc",47,"Preta",149
"863","Masc",47,"Indígena",23
"864","Masc",47,"Amarela",16
"865","Masc",48,"Parda",686
"866","Masc",48,"Branca",524
"867","Masc",48,"Ignorado",62
"868","Masc",48,"Preta",130
"869","Masc",48,"Indígena",21
"870","Masc",48,"Amarela",11
"871","Masc",49,"Parda",581
"872","Masc",49,"Branca",463
"873","Masc",49,"Ignorado",61
"874","Masc",49,"Preta",150
"875","Masc",49,"Indígena",15
"876","Masc",49,"Amarela",10
"877","Masc",50,"Parda",589
"878","Masc",50,"Branca",448
"879","Masc",50,"Ignorado",66
"880","Masc",50,"Preta",113
"881","Masc",50,"Indígena",17
"882","Masc",50,"Amarela",13
"883","Masc",51,"Parda",589
"884","Masc",51,"Branca",432
"885","Masc",51,"Ignorado",40
"886","Masc",51,"Preta",93
"887","Masc",51,"Indígena",11
"888","Masc",51,"Amarela",11
"889","Masc",52,"Parda",469
"890","Masc",52,"Branca",394
"891","Masc",52,"Ignorado",61
"892","Masc",52,"Preta",94
"893","Masc",52,"Indígena",14
"894","Masc",52,"Amarela",12
"895","Masc",53,"Parda",426
"896","Masc",53,"Branca",379
"897","Masc",53,"Ignorado",48
"898","Masc",53,"Preta",100
"899","Masc",53,"Indígena",10
"900","Masc",53,"Amarela",10
"901","Masc",54,"Parda",425
"902","Masc",54,"Branca",328
"903","Masc",54,"Ignorado",39
"904","Masc",54,"Preta",94
"905","Masc",54,"Indígena",9
"906","Masc",54,"Amarela",12
"907","Masc",55,"Parda",361
"908","Masc",55,"Branca",357
"909","Masc",55,"Ignorado",52
"910","Masc",55,"Preta",99
"911","Masc",55,"Indígena",15
"912","Masc",55,"Amarela",8
"913","Masc",56,"Parda",363
"914","Masc",56,"Branca",319
"915","Masc",56,"Ignorado",43
"916","Masc",56,"Preta",91
"917","Masc",56,"Indígena",3
"918","Masc",56,"Amarela",13
"919","Masc",57,"Parda",341
"920","Masc",57,"Branca",305
"921","Masc",57,"Ignorado",31
"922","Masc",57,"Preta",53
"923","Masc",57,"Indígena",8
"924","Masc",57,"Amarela",12
"925","Masc",58,"Parda",312
"926","Masc",58,"Branca",286
"927","Masc",58,"Ignorado",44
"928","Masc",58,"Preta",54
"929","Masc",58,"Indígena",6
"930","Masc",58,"Amarela",6
"931","Masc",59,"Parda",280
"932","Masc",59,"Branca",309
"933","Masc",59,"Ignorado",44
"934","Masc",59,"Preta",63
"935","Masc",59,"Indígena",7
"936","Masc",59,"Amarela",8
"937","Masc",60,"Parda",547
"938","Masc",60,"Branca",358
"939","Masc",60,"Ignorado",58
"940","Masc",60,"Preta",91
"941","Masc",60,"Indígena",7
"942","Masc",60,"Amarela",14
"943","Masc",61,"Parda",509
"944","Masc",61,"Branca",411
"945","Masc",61,"Ignorado",39
"946","Masc",61,"Preta",104
"947","Masc",61,"Indígena",3
"948","Masc",61,"Amarela",14
"949","Masc",62,"Parda",459
"950","Masc",62,"Branca",316
"951","Masc",62,"Ignorado",43
"952","Masc",62,"Preta",70
"953","Masc",62,"Indígena",7
"954","Masc",62,"Amarela",10
"955","Masc",63,"Parda",430
"956","Masc",63,"Branca",327
"957","Masc",63,"Ignorado",30
"958","Masc",63,"Preta",76
"959","Masc",63,"Indígena",7
"960","Masc",63,"Amarela",6
"961","Masc",64,"Parda",443
"962","Masc",64,"Branca",345
"963","Masc",64,"Ignorado",31
"964","Masc",64,"Preta",56
"965","Masc",64,"Indígena",3
"966","Masc",64,"Amarela",4
"967","Masc",65,"Parda",373
"968","Masc",65,"Branca",278
"969","Masc",65,"Ignorado",40
"970","Masc",65,"Preta",72
"971","Masc",65,"Indígena",1
"972","Masc",65,"Amarela",7
"973","Masc",66,"Parda",350
"974","Masc",66,"Branca",291
"975","Masc",66,"Ignorado",28
"976","Masc",66,"Preta",67
"977","Masc",66,"Indígena",5
"978","Masc",66,"Amarela",5
"979","Masc",67,"Parda",336
"980","Masc",67,"Branca",237
"981","Masc",67,"Ignorado",40
"982","Masc",67,"Preta",55
"983","Masc",67,"Indígena",6
"984","Masc",67,"Amarela",7
"985","Masc",68,"Parda",326
"986","Masc",68,"Branca",232
"987","Masc",68,"Ignorado",44
"988","Masc",68,"Preta",64
"989","Masc",68,"Indígena",5
"990","Masc",68,"Amarela",11
"991","Masc",69,"Parda",302
"992","Masc",69,"Branca",252
"993","Masc",69,"Ignorado",24
"994","Masc",69,"Preta",55
"995","Masc",69,"Indígena",4
"996","Masc",69,"Amarela",2
"997","Masc",70,"Parda",298
"998","Masc",70,"Branca",291
"999","Masc",70,"Ignorado",32
"1000","Masc",70,"Preta",44
"1001","Masc",70,"Indígena",5
"1002","Masc",70,"Amarela",3
"1003","Masc",71,"Parda",294
"1004","Masc",71,"Branca",238
"1005","Masc",71,"Ignorado",25
"1006","Masc",71,"Preta",50
"1007","Masc",71,"Indígena",3
"1008","Masc",71,"Amarela",2
"1009","Masc",72,"Parda",251
"1010","Masc",72,"Branca",196
"1011","Masc",72,"Ignorado",31
"1012","Masc",72,"Preta",50
"1013","Masc",72,"Indígena",6
"1014","Masc",72,"Amarela",9
"1015","Masc",73,"Parda",242
"1016","Masc",73,"Branca",207
"1017","Masc",73,"Ignorado",18
"1018","Masc",73,"Preta",39
"1019","Masc",73,"Indígena",6
"1020","Masc",73,"Amarela",7
"1021","Masc",74,"Parda",227
"1022","Masc",74,"Branca",181
"1023","Masc",74,"Ignorado",27
"1024","Masc",74,"Preta",32
"1025","Masc",74,"Indígena",3
"1026","Masc",74,"Amarela",7
"1027","Masc",75,"Parda",225
"1028","Masc",75,"Branca",210
"1029","Masc",75,"Ignorado",26
"1030","Masc",75,"Preta",33
"1031","Masc",75,"Amarela",6
"1032","Masc",76,"Parda",232
"1033","Masc",76,"Branca",162
"1034","Masc",76,"Ignorado",20
"1035","Masc",76,"Preta",35
"1036","Masc",76,"Indígena",2
"1037","Masc",76,"Amarela",1
"1038","Masc",77,"Parda",171
"1039","Masc",77,"Branca",160
"1040","Masc",77,"Ignorado",10
"1041","Masc",77,"Preta",33
"1042","Masc",77,"Indígena",3
"1043","Masc",77,"Amarela",6
"1044","Masc",78,"Parda",169
"1045","Masc",78,"Branca",147
"1046","Masc",78,"Ignorado",10
"1047","Masc",78,"Preta",26
"1048","Masc",78,"Indígena",1
"1049","Masc",78,"Amarela",4
"1050","Masc",79,"Parda",151
"1051","Masc",79,"Branca",133
"1052","Masc",79,"Ignorado",8
"1053","Masc",79,"Preta",21
"1054","Masc",79,"Indígena",1
"1055","Masc",79,"Amarela",2
"1056","Masc",80,"Parda",163
"1057","Masc",80,"Branca",145
"1058","Masc",80,"Ignorado",5
"1059","Masc",80,"Preta",22
"1060","Masc",80,"Indígena",1
"1061","Masc",80,"Amarela",5
"1062","Masc",81,"Parda",138
"1063","Masc",81,"Branca",129
"1064","Masc",81,"Ignorado",10
"1065","Masc",81,"Preta",18
"1066","Masc",81,"Indígena",1
"1067","Masc",81,"Amarela",2
"1068","Masc",82,"Parda",132
"1069","Masc",82,"Branca",105
"1070","Masc",82,"Ignorado",13
"1071","Masc",82,"Preta",12
"1072","Masc",83,"Parda",128
"1073","Masc",83,"Branca",108
"1074","Masc",83,"Ignorado",8
"1075","Masc",83,"Preta",9
"1076","Masc",83,"Indígena",3
"1077","Masc",83,"Amarela",5
"1078","Masc",84,"Parda",96
"1079","Masc",84,"Branca",76
"1080","Masc",84,"Ignorado",14
"1081","Masc",84,"Preta",20
"1082","Masc",84,"Amarela",1
"1083","Masc",85,"Parda",101
"1084","Masc",85,"Branca",90
"1085","Masc",85,"Ignorado",3
"1086","Masc",85,"Preta",11
"1087","Masc",85,"Indígena",1
"1088","Masc",85,"Amarela",3
"1089","Masc",86,"Parda",61
"1090","Masc",86,"Branca",84
"1091","Masc",86,"Ignorado",6
"1092","Masc",86,"Preta",14
"1093","Masc",86,"Indígena",4
"1094","Masc",86,"Amarela",3
"1095","Masc",87,"Parda",54
"1096","Masc",87,"Branca",52
"1097","Masc",87,"Ignorado",2
"1098","Masc",87,"Preta",6
"1099","Masc",87,"Indígena",2
"1100","Masc",88,"Parda",71
"1101","Masc",88,"Branca",62
"1102","Masc",88,"Ignorado",1
"1103","Masc",88,"Preta",11
"1104","Masc",88,"Amarela",1
"1105","Masc",89,"Parda",49
"1106","Masc",89,"Branca",51
"1107","Masc",89,"Ignorado",3
"1108","Masc",89,"Preta",7
"1109","Masc",89,"Amarela",1
"1110","Masc",90,"Parda",51
"1111","Masc",90,"Branca",29
"1112","Masc",90,"Ignorado",3
"1113","Masc",90,"Preta",6
"1114","Masc",90,"Amarela",1
"1115","Masc",91,"Parda",45
"1116","Masc",91,"Branca",35
"1117","Masc",91,"Ignorado",3
"1118","Masc",91,"Preta",5
"1119","Masc",91,"Amarela",1
"1120","Masc",92,"Parda",51
"1121","Masc",92,"Branca",30
"1122","Masc",92,"Ignorado",1
"1123","Masc",92,"Preta",4
"1124","Masc",92,"Indígena",2
"1125","Masc",92,"Amarela",1
"1126","Masc",93,"Parda",34
"1127","Masc",93,"Branca",26
"1128","Masc",93,"Ignorado",1
"1129","Masc",93,"Preta",3
"1130","Masc",94,"Parda",20
"1131","Masc",94,"Branca",12
"1132","Masc",94,"Ignorado",1
"1133","Masc",94,"Preta",3
"1134","Masc",95,"Parda",9
"1135","Masc",95,"Branca",10
"1136","Masc",95,"Ignorado",1
"1137","Masc",95,"Preta",1
"1138","Masc",96,"Parda",12
"1139","Masc",96,"Branca",7
"1140","Masc",96,"Ignorado",1
"1141","Masc",96,"Preta",1
"1142","Masc",97,"Parda",14
"1143","Masc",97,"Branca",9
"1144","Masc",97,"Ignorado",1
"1145","Masc",97,"Preta",1
"1146","Masc",98,"Parda",7
"1147","Masc",98,"Branca",2
"1148","Masc",98,"Preta",3
"1149","Masc",99,"Parda",4
"1150","Masc",99,"Branca",5
"1151","Masc",100,"Parda",5
"1152","Masc",100,"Branca",2
